h	url
ed779276108738fdb2179ccabf9680d9	http://WEB_ROOT/images/ed779276108738fdb2179ccabf9680d9.jpg
504417d73bdf859125e7598b8cda163c	http://WEB_ROOT/images/504417d73bdf859125e7598b8cda163c.jpg
da8f3afd184503f79e06ee631464f35a	http://WEB_ROOT/images/da8f3afd184503f79e06ee631464f35a.jpg
00f1acf458ae561796d9abf10e384f31	http://WEB_ROOT/images/00f1acf458ae561796d9abf10e384f31.jpg
d82bd0da3bd1b34e9c2b7babfc4d5220	http://WEB_ROOT/images/d82bd0da3bd1b34e9c2b7babfc4d5220.jpg
ed61f9d036be07f7843327aaab614c4f	http://WEB_ROOT/images/ed61f9d036be07f7843327aaab614c4f.jpg
9833c9ebf6e616eb05b0b75e6a6c2354	http://WEB_ROOT/images/9833c9ebf6e616eb05b0b75e6a6c2354.jpg
2aaa011c71d9f8b6cb41c282c08abd83	http://WEB_ROOT/images/2aaa011c71d9f8b6cb41c282c08abd83.jpg
f057e119539685a8bdefee83821029ba	http://WEB_ROOT/images/f057e119539685a8bdefee83821029ba.jpg
10d2a131081a3095726c5721ed31c21f	http://WEB_ROOT/images/10d2a131081a3095726c5721ed31c21f.jpg
91c6063f96663a84cfa3d275cc903261	http://WEB_ROOT/images/91c6063f96663a84cfa3d275cc903261.jpg
6ac975c0f221bf4863354a89ed1a50ff	http://WEB_ROOT/images/6ac975c0f221bf4863354a89ed1a50ff.jpg
7b13559db96bcd06f3069d5e39f8d156	http://WEB_ROOT/images/7b13559db96bcd06f3069d5e39f8d156.jpg
91ddf742c07fbfd85d26840f9ce64c5d	http://WEB_ROOT/images/91ddf742c07fbfd85d26840f9ce64c5d.jpg
ba689b624ed5bceb68923fdfea41a9db	http://WEB_ROOT/images/ba689b624ed5bceb68923fdfea41a9db.jpg
a0097f5b22171455f9a9bf6c5f92f376	http://WEB_ROOT/images/a0097f5b22171455f9a9bf6c5f92f376.jpg
d0970ab9de7b2795c45b3c4165f2f7e1	http://WEB_ROOT/images/d0970ab9de7b2795c45b3c4165f2f7e1.jpg
594c9a53d523554d081768d1bbdb760d	http://WEB_ROOT/images/594c9a53d523554d081768d1bbdb760d.jpg
7a2381b2ca9fd1c9c43f5a08b88b97c0	http://WEB_ROOT/images/7a2381b2ca9fd1c9c43f5a08b88b97c0.jpg
750f7ecd5d97a4b0cb5342748055cadb	http://WEB_ROOT/images/750f7ecd5d97a4b0cb5342748055cadb.jpg
